"Director,  API Service Operations",api,1
"Director,  API Service Operations",api lifecycle,1
"Director,  API Service Operations",api program,1
"Director,  API Service Operations",apigee,1
"Director,  API Service Operations",business insights,1
"Director,  API Service Operations",client experience,1
"Director,  API Service Operations",coaching,1
"Director,  API Service Operations",communication,1
"Director,  API Service Operations",cyber risk management,1
"Director,  API Service Operations",cyber security,1
"Director,  API Service Operations",data management,1
"Director,  API Service Operations",governance,1
"Director,  API Service Operations",impact,1
"Director,  API Service Operations",information security,1
"Director,  API Service Operations",internal audit,1
"Director,  API Service Operations",it risk management,1
"Director,  API Service Operations",leaders,1
"Director,  API Service Operations",oauth,1
"Director,  API Service Operations",operational risk,1
"Director,  API Service Operations",people manager,1
"Director,  API Service Operations",performance,1
"Director,  API Service Operations",proactive,1
"Director,  API Service Operations",research,1
"Director,  API Service Operations",risk management,1
"Director,  API Service Operations",stakeholders,1
"Director,  API Service Operations",strategy development,1
"Director,  API Service Operations",vendors,1
